{"dot_travel_mean": 920.9391304345235, "dot_travel_std": 150.90897844590484, "dot_error_mean": 9.914630167678117, "dot_error_std": 4.7600487361819, "drag_duration_mean": 756.9444444411331, "drag_duration_std": 116.75294059568917, "drag_success_mean": 0.9}