{"dot_travel_mean": 920.9391304345235, "dot_travel_std": 150.90897844590484, "dot_error_mean": 9.914630167678117, "dot_error_std": 4.7600487361819, "drag_duration_mean": 756.9444444411331, "drag_duration_std": 116.75294059568917, "drag_success_mean": 0.9, "dot_curvature_mean": 1.4449243131338976, "dot_curvature_std": 0.37126887687493976, "dot_peak_velocity_mean": 2.7707821229367684, "dot_peak_velocity_std": 1.4535540943254122, "dot_submovements_mean": 8.84, "dot_submovements_std": 2.492869842141261, "dot_tremor_mean": 0.10212642426982027, "dot_tremor_std": 0.05865175560881033, "dot_reversals_mean": 1.16, "dot_reversals_std": 1.0461357564497615, "drag_curvature_mean": 1.2, "drag_curvature_std": 0.3, "drag_peak_velocity_mean": 5.0, "drag_peak_velocity_std": 2.0, "drag_submovements_mean": 2.0, "drag_submovements_std": 1.0, "drag_tremor_mean": 0.5, "drag_tremor_std": 0.3, "drag_reversals_mean": 0.0, "drag_reversals_std": 0.5}