{"dot_travel_mean": 1045.187500000621, "dot_travel_std": 138.02457907929045, "dot_error_mean": 11.087861870058767, "dot_error_std": 5.165362694623993, "drag_duration_mean": 873.1374999992549, "drag_duration_std": 97.36568874834128, "drag_success_mean": 0.9}