{"dot_travel_mean": 948.4833333324641, "dot_travel_std": 135.86270848976397, "dot_error_mean": 9.999781796339276, "dot_error_std": 4.741440679129874, "drag_duration_mean": 835.3799999967217, "drag_duration_std": 67.95361359973188, "drag_success_mean": 1.0, "dot_curvature_mean": 1.4675408359784368, "dot_curvature_std": 0.5126965723977455, "dot_peak_velocity_mean": 2.5076405411722833, "dot_peak_velocity_std": 0.8814922620064707, "dot_submovements_mean": 8.76, "dot_submovements_std": 2.4212393620674493, "dot_tremor_mean": 0.09632589860465096, "dot_tremor_std": 0.045386005127040295, "dot_reversals_mean": 0.4583333333333333, "dot_reversals_std": 0.575844800045219, "drag_curvature_mean": 1.2, "drag_curvature_std": 0.3, "drag_peak_velocity_mean": 5.0, "drag_peak_velocity_std": 2.0, "drag_submovements_mean": 2.0, "drag_submovements_std": 1.0, "drag_tremor_mean": 0.5, "drag_tremor_std": 0.3, "drag_reversals_mean": 0.0, "drag_reversals_std": 0.5}