{"dot_travel_mean": 948.4833333324641, "dot_travel_std": 135.86270848976397, "dot_error_mean": 9.999781796339276, "dot_error_std": 4.741440679129874, "drag_duration_mean": 835.3799999967217, "drag_duration_std": 67.95361359973188, "drag_success_mean": 1.0}