{"dot_travel_mean": 1057.2727272727273, "dot_travel_std": 125.50631343981834, "dot_error_mean": 11.174586484062125, "dot_error_std": 5.684778980736866, "drag_duration_mean": 986.7, "drag_duration_std": 171.36688712650218, "drag_success_mean": 1.0}