{"dot_travel_mean": 1074.0434782608695, "dot_travel_std": 153.20928519259778, "dot_error_mean": 11.882379718615272, "dot_error_std": 6.457100947673637, "drag_duration_mean": 935.7, "drag_duration_std": 131.2379899366977, "drag_success_mean": 1.0}