{"dot_travel_mean": 1165.2090909091587, "dot_travel_std": 199.40597445590933, "dot_error_mean": 11.03197832456996, "dot_error_std": 5.9275437998861955, "drag_duration_mean": 934.2300000002608, "drag_duration_std": 182.9871091186475, "drag_success_mean": 1.0}