{"dot_travel_mean": 1123.9130434782608, "dot_travel_std": 198.79963981447602, "dot_error_mean": 9.903985464506887, "dot_error_std": 5.313131447306124, "drag_duration_mean": 1054.2222222222222, "drag_duration_std": 173.96537190131622, "drag_success_mean": 1.0}