{"dot_travel_mean": 1606.2478260890298, "dot_travel_std": 215.73397240142148, "dot_error_mean": 7.969081073288407, "dot_error_std": 3.2864957700924, "drag_duration_mean": 1892.56666666766, "drag_duration_std": 151.42777523931397, "drag_success_mean": 0.9, "dot_curvature_mean": 1.0728881176884715, "dot_curvature_std": 0.05201665545351734, "dot_peak_velocity_mean": 3.2321989219368787, "dot_peak_velocity_std": 0.9352595152127255, "dot_submovements_mean": 8.590909090909092, "dot_submovements_std": 2.4431554009775795, "dot_tremor_mean": 0.04315064393482654, "dot_tremor_std": 0.024247438455463417, "dot_reversals_mean": 0.5652173913043478, "dot_reversals_std": 0.5768043213661566, "drag_curvature_mean": 1.2, "drag_curvature_std": 0.3, "drag_peak_velocity_mean": 5.0, "drag_peak_velocity_std": 2.0, "drag_submovements_mean": 2.0, "drag_submovements_std": 1.0, "drag_tremor_mean": 0.5, "drag_tremor_std": 0.3, "drag_reversals_mean": 0.0, "drag_reversals_std": 0.5}