{"dot_travel_mean": 1606.2478260890298, "dot_travel_std": 215.73397240142148, "dot_error_mean": 7.969081073288407, "dot_error_std": 3.2864957700924, "drag_duration_mean": 1892.56666666766, "drag_duration_std": 151.42777523931397, "drag_success_mean": 0.9}